{
  "main": {
    "name": "Mathieu BOIDIN",
    "occupation": "France",
    "description": "Developpeur junior / backend",
    "bio": "Jeune développeur actuellement en Bac + 3 developpement internet et mobile, Mes technologies sont : HTML, CSS, JavaScript, TypeScript, React, React-Native, Java, J2EE Spring, PHP, Symfony",
    "contactmessage": "Prochainement disponible",
    "email": "boidin.mathieu@outlook.fr",
    "phone": "0641152458",
    "address": {
      "street": "17 place de l'hôtel de ville",
      "city": "Bourbourg",
      "state": "France",
      "zip": "59630"
    },
    "social": [
      {
        "name": "twitter",
        "url": "https://twitter.com/Lektaly",
        "className": "fa fa-twitter"
      },
      {
        "name": "linkedin",
        "url": "https://www.linkedin.com/in/mathieu-boidin-b103331b9/",
        "className": "fa fa-linkedin"
      },
      {
        "name": "github",
        "url": "https://github.com/Lekta23",
        "className": "fa fa-github"
      }
    ]
  },
  "resume": {
    "education": [
      {
        "school": "IUT ULCO",
        "degree": "Licence Professionnelle Developpemeent internet et mobile", 
        "graduated": "Septembre 2022 - Aujourd'hui",
        "description": "Apte à analyser, concevoir et développer des sites Web, programmer des applications mobiles et intégrer des équipes projets pour réaliser des systèmes à fortes composantes numériques."
      },
      {
        "school": "Lycée Jean Bart",
        "degree": "BTS SIO option SLAM",
        "graduated": "Septembre 2018 - Juin 2020",
        "description": "L’option Solutions logicielles et applications métiers forme des spécialistes des logiciels (rédaction d’un cahier des charges, formulation des besoins et spécifications, développement, intégration au sein de la société)."
      }
    ],
    "work": [
      {
        "company": "EDUKEASY",
        "title": "Developpeur junior",
        "years": "Septembre 2022 - Février 2022",
        "description": "J'ai réalisé des applications client pour de la prestation de service. Technologies : React, HTML, CSS, JavaScript, TypeScript, PHP, MySQL"
      },
      {
        "company": "Maurice Polyservices Chauffage",
        "title": "Developpeur web",
        "years": "Janvier 2020 - Février 2020",
        "description": "Développement de deux sites internet WordPress pour un artisan chauffagiste. Technologies : HTML, CSS, PHP, JavaScript, MySQL, WordPress"
      },
      {
        "company": "Univers Telecom",
        "title": "Developpeur web",
        "years": "Mai 2019 - Juin 2019",
        "description": "Développement d'une interface html/php relié avec une base de données sous SQL. Cette interface avait pour but de voir le nombre de stock, l'information des produits ainsi que l’écriture des factures. Technologies : HTML, PHP, CSS, MySQL"
      }
    ],
    "skills": [
      {
        "name": "HTML",
        "level": "90%"
      },
      {
        "name": "CSS",
        "level": "55%"
      },
      {
        "name": "React",
        "level": "70%"
      },
      {
        "name": "React Native",
        "level": "60%"
      },
      {
        "name": "Java",
        "level": "70%"
      },
      {
        "name": "Spring",
        "level": "60%"
      },
      {
        "name": "SQL",
        "level": "80%"
      },
      {
        "name": "PHP",
        "level": "75%"
      },
      {
        "name": "Symfony",
        "level": "60%"
      },
      {
        "name": "JavaScript",
        "level": "75%"
      },
      {
        "name": "TypeScript",
        "level": "75%"
      }
    ]
  },
  "portfolio": {
    "projects": [
      {
        "title": "Zelda Breath of the Wild App Companion", 
        "url": "https://github.com/Lekta23/Zelda_BOTW_Companion",
        "image": "github.jpg"
      }
    ]
  }
}
